Geography,INT/Country,Unit/Sector,Account,Location,Coordinator,DPE,project,change Reference,Install/Decomm Date,Hostname,Serial Number,Platform,Scenario,Family,Sub-category,IP Address,Device Type,Username,Password
Geography,INT/Country,Unit/Sector,Account,Location,Coordinator,DPE,project,change Reference,Install/Decomm Date,Hostname,Serial Number,Platform,Scenario,Family,Sub-category,IP Address,Device Type,Username,Password
Geography,INT/Country,Unit/Sector,Account,Location,Coordinator,DPE,project,change Reference,Install/Decomm Date,Hostname,Serial Number,Platform,Scenario,Family,Sub-category,IP Address,Device Type,Username,Password
Geography,INT/Country,Unit/Sector,Account,Location,Coordinator,DPE,project,change Reference,Install/Decomm Date,Hostname,Serial Number,Platform,Scenario,Family,Sub-category,IP Address,Device Type,Username,Password
Geography,INT/Country,Unit/Sector,Account,Location,Coordinator,DPE,project,change Reference,Install/Decomm Date,Hostname,Serial Number,Platform,Scenario,Family,Sub-category,IP Address,Device Type,Username,Password
Geography,INT/Country,Unit/Sector,Account,Location,Coordinator,DPE,project,change Reference,Install/Decomm Date,Hostname,Serial Number,Platform,Scenario,Family,Sub-category,IP Address,Device Type,Username,Password
Geography,INT/Country,Unit/Sector,Account,Location,Coordinator,DPE,project,change Reference,Install/Decomm Date,Hostname,Serial Number,Platform,Scenario,Family,Sub-category,IP Address,Device Type,Username,Password
Geography,INT/Country,Unit/Sector,Account,Location,Coordinator,DPE,project,change Reference,Install/Decomm Date,Hostname,Serial Number,Platform,Scenario,Family,Sub-category,IP Address,Device Type,Username,Password
Geography,INT/Country,Unit/Sector,Account,Location,Coordinator,DPE,project,change Reference,Install/Decomm Date,Hostname,Serial Number,Platform,Scenario,Family,Sub-category,IP Address,Device Type,Username,Password
Geography,INT/Country,Unit/Sector,Account,Location,Coordinator,DPE,project,change Reference,Install/Decomm Date,Hostname,Serial Number,Platform,Scenario,Family,Sub-category,IP Address,Device Type,Username,Password
Geography,INT/Country,Unit/Sector,Account,Location,Coordinator,DPE,project,change Reference,Install/Decomm Date,Hostname,Serial Number,Platform,Scenario,Family,Sub-category,IP Address,Device Type,Username,Password
Geography,INT/Country,Unit/Sector,Account,Location,Coordinator,DPE,project,change Reference,Install/Decomm Date,Hostname,Serial Number,Platform,Scenario,Family,Sub-category,IP Address,Device Type,Username,Password
